{"cameraMode":{"drawMode":0,"name":"Shaded","section":"Shading Mode"},"sceneLighting":true,"audioPlay":false,"sceneViewState":{"showFog":true,"showMaterialUpdate":false,"showSkybox":true,"showFlares":true,"showImageEffects":true,"showParticleSystems":true},"in2DMode":false,"pivot":{"x":-13.98408031463623,"y":5.710500717163086,"z":-0.6735992431640625},"rotation":{"x":0.0282913725823164,"y":-0.8410668969154358,"z":0.044196486473083499,"w":0.538383424282074},"size":5.645340919494629,"orthographic":false}